tconst;title
tt0031381;Gone with the Wind (1939)
tt0032138;The Wizard of Oz (1939)
tt0052357;Vertigo (1958)
tt0052618;Ben-Hur (1959)
tt0053125;North by Northwest (1959)
tt0053291;Some Like It Hot (1959)
tt0056592;To Kill a Mockingbird (1962)
tt0057012;Dr. Strangelove (1964)
tt0057115;The Great Escape (1963)
tt0059742;The Sound of Music (1965)
tt0060196;The Good, the Bad and the Ugly (1966)
tt0061722;The Graduate (1967)
tt0062622;2001: A Space Odyssey (1968)
tt0064115;Butch Cassidy and the Sundance Kid (1969)
tt0064116;Once Upon a Time in the West (1968)
tt0068646;The Godfather (1972)
tt0071315;Chinatown (1974)
tt0071562;The Godfather: Part II (1974)
tt0071853;Monty Python and the Holy Grail (1975)
tt0073195;Jaws (1975)
tt0073486;One Flew Over the Cuckoo's Nest (1975)
tt0075148;Rocky (1976)
tt0075314;Taxi Driver (1976)
tt0076759;Star Wars: Episode IV - A New Hope (1977)
tt0077631;Grease (1978)
tt0078748;Alien (1979)
tt0078788;Apocalypse Now (1979)
tt0079470;Monty Python's Life of Brian (1979)
tt0079501;Mad Max (1979)
tt0080339;Airplane! (1980)
tt0080684;Star Wars: Episode V - The Empire Strikes Back (1980)
tt0081398;Raging Bull (1980)
tt0081505;The Shining (1980)
tt0082096;Das Boot (1981)
tt0082971;Raiders of the Lost Ark (1981)
tt0083658;Blade Runner (1982)
tt0083866;E.T. the Extra-Terrestrial (1982)
tt0083944;First Blood (1982)
tt0086190;Star Wars: Episode VI - Return of the Jedi (1983)
tt0087332;Ghostbusters (1984)
tt0087363;Gremlins (1984)
tt0087469;Indiana Jones and the Temple of Doom (1984)
tt0088247;The Terminator (1984)
tt0088763;Back to the Future (1985)
tt0088847;The Breakfast Club (1985)
tt0089218;The Goonies (1985)
tt0091042;Ferris Bueller's Day Off (1986)
tt0092005;Stand by Me (1986)
tt0092890;Dirty Dancing (1987)
tt0093058;Full Metal Jacket (1987)
tt0093409;Lethal Weapon (1987)
tt0093773;Predator (1987)
tt0093779;The Princess Bride (1987)
tt0093870;RoboCop (1987)
tt0094226;The Untouchables (1987)
tt0094721;Beetlejuice (1988)
tt0094737;Big (1988)
tt0095016;Die Hard (1988)
tt0095953;Rain Man (1988)
tt0096283;My Neighbor Totoro (1988)
tt0096874;Back to the Future Part II (1989)
tt0096895;Batman (1989)
tt0097165;Dead Poets Society (1989)
tt0097576;Indiana Jones and the Last Crusade (1989)
tt0097757;The Little Mermaid (1989)
tt0098635;When Harry Met Sally... (1989)
tt0099088;Back to the Future Part III (1990)
tt0099348;Dances with Wolves (1990)
tt0099423;Die Hard 2 (1990)
tt0099487;Edward Scissorhands (1990)
tt0099653;Ghost (1990)
tt0099674;The Godfather: Part III (1990)
tt0099685;Goodfellas (1990)
tt0099785;Home Alone (1990)
tt0100405;Pretty Woman (1990)
tt0100802;Total Recall (1990)
tt0101414;Beauty and the Beast (1991)
tt0102057;Hook (1991)
tt0102926;The Silence of the Lambs (1991)
tt0103064;Terminator 2: Judgment Day (1991)
tt0103639;Aladdin (1992)
tt0103776;Batman Returns (1992)
tt0104257;A Few Good Men (1992)
tt0104431;Home Alone 2: Lost in New York (1992)
tt0105236;Reservoir Dogs (1992)
tt0105323;Scent of a Woman (1992)
tt0105695;Unforgiven (1992)
tt0106977;The Fugitive (1993)
tt0107048;Groundhog Day (1993)
tt0107290;Jurassic Park (1993)
tt0107614;Mrs. Doubtfire (1993)
tt0108550;What's Eating Gilbert Grape (1993)
tt0109040;Ace Ventura: Pet Detective (1994)
tt0109686;Dumb and Dumber (1994)
tt0109830;Forrest Gump (1994)
tt0110357;The Lion King (1994)
tt0110413;Léon: The Professional (1994)
tt0110475;The Mask (1994)
tt0110912;Pulp Fiction (1994)
tt0111161;The Shawshank Redemption (1994)
tt0111257;Speed (1994)
tt0111503;True Lies (1994)
tt0112281;Ace Ventura: When Nature Calls (1995)
tt0112384;Apollo 13 (1995)
tt0112442;Bad Boys (1995)
tt0112462;Batman Forever (1995)
tt0112641;Casino (1995)
tt0112864;Die Hard with a Vengeance (1995)
tt0113189;GoldenEye (1995)
tt0113277;Heat (1995)
tt0113497;Jumanji (1995)
tt0114369;Se7en (1995)
tt0114709;Toy Story (1995)
tt0114746;12 Monkeys (1995)
tt0114814;The Usual Suspects (1995)
tt0116282;Fargo (1996)
tt0116367;From Dusk Till Dawn (1996)
tt0116483;Happy Gilmore (1996)
tt0116629;Independence Day (1996)
tt0116695;Jerry Maguire (1996)
tt0116996;Mars Attacks! (1996)
tt0117060;Mission: Impossible (1996)
tt0117500;The Rock (1996)
tt0117571;Scream (1996)
tt0118655;Austin Powers: International Man of Mystery (1997)
tt0118688;Batman & Robin (1997)
tt0118715;The Big Lebowski (1998)
tt0118749;Boogie Nights (1997)
tt0118799;Life Is Beautiful (1997)
tt0118880;Con Air (1997)
tt0118884;Contact (1997)
tt0118971;The Devil's Advocate (1997)
tt0119008;Donnie Brasco (1997)
tt0119094;Face/Off (1997)
tt0119116;The Fifth Element (1997)
tt0119174;The Game (1997)
tt0119177;Gattaca (1997)
tt0119217;Good Will Hunting (1997)
tt0119282;Hercules (1997)
tt0119396;Jackie Brown (1997)
tt0119488;L.A. Confidential (1997)
tt0119528;Liar Liar (1997)
tt0119567;The Lost World: Jurassic Park (1997)
tt0119643;Meet Joe Black (1998)
tt0119654;Men in Black (1997)
tt0119698;Princess Mononoke (1997)
tt0119822;As Good as It Gets (1997)
tt0120201;Starship Troopers (1997)
tt0120338;Titanic (1997)
tt0120363;Toy Story 2 (1999)
tt0120382;The Truman Show (1998)
tt0120586;American History X (1998)
tt0120591;Armageddon (1998)
tt0120601;Being John Malkovich (1999)
tt0120611;Blade (1998)
tt0120616;The Mummy (1999)
tt0120623;A Bug's Life (1998)
tt0120655;Dogma (1999)
tt0120660;Enemy of the State (1998)
tt0120667;Fantastic Four (2005)
tt0120689;The Green Mile (1999)
tt0120735;Lock, Stock and Two Smoking Barrels (1998)
tt0120737;The Lord of the Rings: The Fellowship of the Ring (2001)
tt0120755;Mission: Impossible II (2000)
tt0120762;Mulan (1998)
tt0120812;Rush Hour (1998)
tt0120855;Tarzan (1999)
tt0120903;X-Men (2000)
tt0120912;Men in Black II (2002)
tt0120915;Star Wars: Episode I - The Phantom Menace (1999)
tt0121765;Star Wars: Episode II - Attack of the Clones (2002)
tt0121766;Star Wars: Episode III - Revenge of the Sith (2005)
tt0125439;Notting Hill (1999)
tt0126029;Shrek (2001)
tt0128853;You've Got Mail (1998)
tt0129387;There's Something About Mary (1998)
tt0130827;Run Lola Run (1998)
tt0133093;The Matrix (1999)
tt0133152;Planet of the Apes (2001)
tt0137523;Fight Club (1999)
tt0139654;Training Day (2001)
tt0143145;The World Is Not Enough (1999)
tt0145487;Spider-Man (2002)
tt0145660;Austin Powers: The Spy Who Shagged Me (1999)
tt0147800;10 Things I Hate About You (1999)
tt0151804;Office Space (1999)
tt0162222;Cast Away (2000)
tt0162661;Sleepy Hollow (1999)
tt0163025;Jurassic Park III (2001)
tt0163651;American Pie (1999)
tt0163978;The Beach (2000)
tt0167190;Hellboy (2004)
tt0167260;The Lord of the Rings: The Return of the King (2003)
tt0167261;The Lord of the Rings: The Two Towers (2002)
tt0167404;The Sixth Sense (1999)
tt0169547;American Beauty (1999)
tt0172495;Gladiator (2000)
tt0175142;Scary Movie (2000)
tt0181689;Minority Report (2002)
tt0181852;Terminator 3: Rise of the Machines (2003)
tt0181875;Almost Famous (2000)
tt0183505;Me, Myself & Irene (2000)
tt0187393;The Patriot (2000)
tt0190332;Crouching Tiger, Hidden Dragon (2000)
tt0190590;O Brother, Where Art Thou? (2000)
tt0196229;Zoolander (2001)
tt0198781;Monsters, Inc. (2001)
tt0203009;Moulin Rouge! (2001)
tt0206634;Children of Men (2006)
tt0207201;What Women Want (2000)
tt0208092;Snatch (2000)
tt0209144;Memento (2000)
tt0209163;The Mummy Returns (2001)
tt0211915;Amélie (2001)
tt0212338;Meet the Parents (2000)
tt0212346;Miss Congeniality (2000)
tt0212720;A.I. Artificial Intelligence (2001)
tt0217505;Gangs of New York (2002)
tt0217869;Unbreakable (2000)
tt0234215;The Matrix Reloaded (2003)
tt0238380;Equilibrium (2002)
tt0240772;Ocean's Eleven (2001)
tt0241527;Harry Potter and the Sorcerer's Stone (2001)
tt0242653;The Matrix Revolutions (2003)
tt0245429;Spirited Away (2001)
tt0246460;Die Another Day (2002)
tt0246578;Donnie Darko (2001)
tt0252866;American Pie 2 (2001)
tt0257044;Road to Perdition (2002)
tt0258000;Panic Room (2002)
tt0258463;The Bourne Identity (2002)
tt0259324;Ghost Rider (2007)
tt0264464;Catch Me If You Can (2002)
tt0265086;Black Hawk Down (2001)
tt0265208;The Girl Next Door (2004)
tt0265666;The Royal Tenenbaums (2001)
tt0266543;Finding Nemo (2003)
tt0266697;Kill Bill: Vol. 1 (2003)
tt0268380;Ice Age (2002)
tt0268978;A Beautiful Mind (2001)
tt0278504;Insomnia (2002)
tt0286106;Signs (2002)
tt0286716;Hulk (2003)
tt0287978;Daredevil (2003)
tt0289043;28 Days Later... (2002)
tt0289765;Red Dragon (2002)
tt0289879;The Butterfly Effect (2004)
tt0290334;X2: X-Men United (2003)
tt0293662;The Transporter (2002)
tt0295178;Austin Powers in Goldmember (2002)
tt0295297;Harry Potter and the Chamber of Secrets (2002)
tt0298148;Shrek 2 (2004)
tt0302886;Old School (2003)
tt0304141;Harry Potter and the Prisoner of Azkaban (2004)
tt0305224;Anger Management (2003)
tt0308644;Finding Neverland (2004)
tt0309698;Identity (2003)
tt0311113;Master and Commander: The Far Side of the World (2003)
tt0314331;Love Actually (2003)
tt0315327;Bruce Almighty (2003)
tt0316654;Spider-Man 2 (2004)
tt0317219;Cars (2006)
tt0317705;The Incredibles (2004)
tt0317740;The Italian Job (2003)
tt0317919;Mission: Impossible III (2006)
tt0319061;Big Fish (2003)
tt0319262;The Day After Tomorrow (2004)
tt0319343;Elf (2003)
tt0325710;The Last Samurai (2003)
tt0325980;Pirates of the Caribbean: The Curse of the Black Pearl (2003)
tt0327056;Mystic River (2003)
tt0330373;Harry Potter and the Goblet of Fire (2005)
tt0332379;School of Rock (2003)
tt0332452;Troy (2004)
tt0333766;Garden State (2004)
tt0335266;Lost in Translation (2003)
tt0335345;The Passion of the Christ (2004)
tt0337978;Live Free or Die Hard (2007)
tt0338013;Eternal Sunshine of the Spotless Mind (2004)
tt0338751;The Aviator (2004)
tt0343818;I, Robot (2004)
tt0349903;Ocean's Twelve (2004)
tt0351283;Madagascar (2005)
tt0356150;EuroTrip (2004)
tt0357413;Anchorman: The Legend of Ron Burgundy (2004)
tt0358273;Walk the Line (2005)
tt0359950;The Secret Life of Walter Mitty (2013)
tt0360486;Constantine (2005)
tt0360717;King Kong (2005)
tt0361748;Inglourious Basterds (2009)
tt0361862;The Machinist (2004)
tt0362227;The Terminal (2004)
tt0363547;Dawn of the Dead (2004)
tt0363771;The Chronicles of Narnia: The Lion, the Witch and the Wardrobe (2005)
tt0364569;Oldboy (2003)
tt0364725;Dodgeball (2004)
tt0365748;Shaun of the Dead (2004)
tt0367594;Charlie and the Chocolate Factory (2005)
tt0367882;Indiana Jones and the Kingdom of the Crystal Skull (2008)
tt0368447;The Village (2004)
tt0368891;National Treasure (2004)
tt0369339;Collateral (2004)
tt0369610;Jurassic World (2015)
tt0371724;The Hitchhiker's Guide to the Galaxy (2005)
tt0371746;Iron Man (2008)
tt0372183;The Bourne Supremacy (2004)
tt0372784;Batman Begins (2005)
tt0373889;Harry Potter and the Order of the Phoenix (2007)
tt0375679;Crash (2004)
tt0376541;Closer (2004)
tt0376994;X-Men: The Last Stand (2006)
tt0378194;Kill Bill: Vol. 2 (2004)
tt0379786;Serenity (2005)
tt0381061;Casino Royale (2006)
tt0381849;3:10 to Yuma (2007)
tt0382625;The Da Vinci Code (2006)
tt0382932;Ratatouille (2007)
tt0383574;Pirates of the Caribbean: Dead Man's Chest (2006)
tt0386588;Hitch (2005)
tt0388795;Brokeback Mountain (2005)
tt0389860;Click (2006)
tt0396269;Wedding Crashers (2005)
tt0397892;Bolt (2008)
tt0399146;A History of Violence (2005)
tt0399201;The Island (2005)
tt0401729;John Carter (2012)
tt0401792;Sin City (2005)
tt0405094;The Lives of Others (2006)
tt0405159;Million Dollar Baby (2004)
tt0405422;The 40-Year-Old Virgin (2005)
tt0407304;War of the Worlds (2005)
tt0407887;The Departed (2006)
tt0409459;Watchmen (2009)
tt0409847;Cowboys & Aliens (2011)
tt0411477;Hellboy II: The Golden Army (2008)
tt0413267;Shrek the Third (2007)
tt0413300;Spider-Man 3 (2007)
tt0414387;Pride & Prejudice (2005)
tt0416449;300 (2006)
tt0418279;Transformers (2007)
tt0420223;Stranger Than Fiction (2006)
tt0421715;The Curious Case of Benjamin Button (2008)
tt0425061;Get Smart (2008)
tt0425112;Hot Fuzz (2007)
tt0425210;Lucky Number Slevin (2006)
tt0427944;Thank You for Smoking (2005)
tt0429493;The A-Team (2010)
tt0433035;Real Steel (2011)
tt0434409;V for Vendetta (2005)
tt0435761;Toy Story 3 (2010)
tt0438097;Ice Age: The Meltdown (2006)
tt0438488;Terminator Salvation (2009)
tt0440963;The Bourne Ultimatum (2007)
tt0441773;Kung Fu Panda (2008)
tt0443272;Lincoln (2012)
tt0443453;Borat: Cultural Learnings of America for Make Benefit Glorious Nation of Kazakhstan (2006)
tt0443706;Zodiac (2007)
tt0446029;Scott Pilgrim vs. the World (2010)
tt0448011;Knowing (2009)
tt0448134;Sunshine (2007)
tt0448157;Hancock (2008)
tt0449059;Little Miss Sunshine (2006)
tt0449088;Pirates of the Caribbean: At World's End (2007)
tt0449467;Babel (2006)
tt0450259;Blood Diamond (2006)
tt0451279;Wonder Woman (2017)
tt0452623;Gone Baby Gone (2007)
tt0454848;Inside Man (2006)
tt0454876;Life of Pi (2012)
tt0454921;The Pursuit of Happyness (2006)
tt0455944;The Equalizer (2014)
tt0457430;Pan's Labyrinth (2006)
tt0458339;Captain America: The First Avenger (2011)
tt0458352;The Devil Wears Prada (2006)
tt0458525;X-Men Origins: Wolverine (2009)
tt0462538;The Simpsons Movie (2007)
tt0468569;The Dark Knight (2008)
tt0469494;There Will Be Blood (2007)
tt0470752;Ex Machina (2014)
tt0473075;Prince of Persia: The Sands of Time (2010)
tt0477080;Unstoppable (2010)
tt0477348;No Country for Old Men (2007)
tt0478087;21 (2008)
tt0478970;Ant-Man (2015)
tt0479884;Crank (2006)
tt0480249;I Am Legend (2007)
tt0481369;The Number 23 (2007)
tt0481499;The Croods (2013)
tt0482571;The Prestige (2006)
tt0486576;Fantastic 4: Rise of the Silver Surfer (2007)
tt0486655;Stardust (2007)
tt0489099;Jumper (2008)
tt0496806;Ocean's Thirteen (2007)
tt0499549;Avatar (2009)
tt0758758;Into the Wild (2007)
tt0758774;Body of Lies (2008)
tt0765429;American Gangster (2007)
tt0770828;Man of Steel (2013)
tt0780504;Drive (2011)
tt0780536;In Bruges (2008)
tt0790724;Jack Reacher (2012)
tt0795421;Mamma Mia! (2008)
tt0796366;Star Trek (2009)
tt0800080;The Incredible Hulk (2008)
tt0800369;Thor (2011)
tt0808151;Angels & Demons (2009)
tt0816692;Interstellar (2014)
tt0816711;World War Z (2013)
tt0822854;Shooter (2007)
tt0829482;Superbad (2007)
tt0830515;Quantum of Solace (2008)
tt0831387;Godzilla (2014)
tt0838283;Step Brothers (2008)
tt0840361;The Town (2010)
tt0844471;Cloudy with a Chance of Meatballs (2009)
tt0848228;The Avengers (2012)
tt0878804;The Blind Side (2009)
tt0887883;Burn After Reading (2008)
tt0887912;The Hurt Locker (2008)
tt0892769;How to Train Your Dragon (2010)
tt0903624;The Hobbit: An Unexpected Journey (2012)
tt0910936;Pineapple Express (2008)
tt0910970;WALL·E (2008)
tt0936501;Taken (2008)
tt0942385;Tropic Thunder (2008)
tt0945513;Source Code (2011)
tt0947798;Black Swan (2010)
tt0948470;The Amazing Spider-Man (2012)
tt0955308;Robin Hood (2010)
tt0960144;You Don't Mess with the Zohan (2008)
tt0970179;Hugo (2011)
tt0974015;Justice League (2017)
tt0983193;The Adventures of Tintin (2011)
tt0985699;Valkyrie (2008)
tt0988045;Sherlock Holmes (2009)
tt0993842;Hanna (2011)
tt0993846;The Wolf of Wall Street (2013)
tt1001526;Megamind (2010)
tt1010048;Slumdog Millionaire (2008)
tt1014759;Alice in Wonderland (2010)
tt1024648;Argo (2012)
tt1037705;The Book of Eli (2010)
tt1045658;Silver Linings Playbook (2012)
tt1046173;G.I. Joe: The Rise of Cobra (2009)
tt1049413;Up (2009)
tt1055369;Transformers: Revenge of the Fallen (2009)
tt1068680;Yes Man (2008)
tt1074638;Skyfall (2012)
tt1077368;Dark Shadows (2012)
tt1092026;Paul (2011)
tt1104001;TRON: Legacy (2010)
tt1119646;The Hangover (2009)
tt1124035;The Ides of March (2011)
tt1125849;The Wrestler (2008)
tt1130884;Shutter Island (2010)
tt1132620;The Girl with the Dragon Tattoo (2009)
tt1133985;Green Lantern (2011)
tt1136608;District 9 (2009)
tt1152836;Public Enemies (2009)
tt1156398;Zombieland (2009)
tt1170358;The Hobbit: The Desolation of Smaug (2013)
tt1182345;Moon (2009)
tt1189340;The Lincoln Lawyer (2011)
tt1190080;2012 (2009)
tt1192628;Rango (2011)
tt1193138;Up in the Air (2009)
tt1194173;The Bourne Legacy (2012)
tt1205489;Gran Torino (2008)
tt1210166;Moneyball (2011)
tt1210819;The Lone Ranger (2013)
tt1211837;Doctor Strange (2016)
tt1211956;Escape Plan (2013)
tt1213663;The World's End (2013)
tt1217209;Brave (2012)
tt1219289;Limitless (2011)
tt1219827;Ghost in the Shell (2017)
tt1220719;Ip Man (2008)
tt1228705;Iron Man 2 (2010)
tt1229238;Mission: Impossible - Ghost Protocol (2011)
tt1232829;21 Jump Street (2012)
tt1245492;This Is the End (2013)
tt1245526;RED (2010)
tt1250777;Kick-Ass (2010)
tt1270797;Venom (2018)
tt1270798;X-Men: First Class (2011)
tt1276104;Looper (2012)
tt1285016;The Social Network (2010)
tt1291150;Teenage Mutant Ninja Turtles (2014)
tt1298650;Pirates of the Caribbean: On Stranger Tides (2011)
tt1300854;Iron Man 3 (2013)
tt1302006;The Irishman (2019)
tt1302011;Kung Fu Panda 2 (2011)
tt1320253;The Expendables (2010)
tt1321870;Gangster Squad (2013)
tt1323594;Despicable Me (2010)
tt1340138;Terminator Genisys (2015)
tt1340800;Tinker Tailor Soldier Spy (2011)
tt1343092;The Great Gatsby (2013)
tt1343727;Dredd (2012)
tt1345836;The Dark Knight Rises (2012)
tt1355644;Passengers (2016)
tt1371111;Cloud Atlas (2012)
tt1375666;Inception (2010)
tt1375670;Grown Ups (2010)
tt1385826;The Adjustment Bureau (2011)
tt1386588;The Other Guys (2010)
tt1386703;Total Recall (2012)
tt1392170;The Hunger Games (2012)
tt1392190;Mad Max: Fury Road (2015)
tt1392214;Prisoners (2013)
tt1397280;Taken 2 (2012)
tt1399103;Transformers: Dark of the Moon (2011)
tt1403865;True Grit (2010)
tt1408101;Star Trek Into Darkness (2013)
tt1409024;Men in Black 3 (2012)
tt1430132;The Wolverine (2013)
tt1446714;Prometheus (2012)
tt1453405;Monsters University (2013)
tt1454468;Gravity (2013)
tt1478338;Bridesmaids (2011)
tt1483013;Oblivion (2013)
tt1485796;The Greatest Showman (2017)
tt1490017;The Lego Movie (2014)
tt1499658;Horrible Bosses (2011)
tt1504320;The King's Speech (2010)
tt1515091;Sherlock Holmes: A Game of Shadows (2011)
tt1535108;Elysium (2013)
tt1535109;Captain Phillips (2013)
tt1542344;127 Hours (2010)
tt1570728;Crazy, Stupid, Love. (2011)
tt1596363;The Big Short (2015)
tt1599348;Safe House (2012)
tt1601913;The Grey (2011)
tt1606378;A Good Day to Die Hard (2013)
tt1623205;Oz the Great and Powerful (2013)
tt1631867;Edge of Tomorrow (2014)
tt1637725;Ted (2012)
tt1638355;The Man from U.N.C.L.E. (2015)
tt1646971;How to Train Your Dragon 2 (2014)
tt1649419;The Impossible (2012)
tt1650062;Super 8 (2011)
tt1659337;The Perks of Being a Wallflower (2012)
tt1663202;The Revenant (2015)
tt1663662;Pacific Rim (2013)
tt1670345;Now You See Me (2013)
tt1677720;Ready Player One (2018)
tt1690953;Despicable Me 2 (2013)
tt1706620;Snowpiercer (2013)
tt1707386;Les Misérables (2012)
tt1723121;We're the Millers (2013)
tt1723811;Shame (2011)
tt1731141;Ender's Game (2013)
tt1735898;Snow White and the Huntsman (2012)
tt1748122;Moonrise Kingdom (2012)
tt1764651;The Expendables 2 (2012)
tt1772341;Wreck-It Ralph (2012)
tt1790809;Pirates of the Caribbean: Dead Men Tell No Tales (2017)
tt1790885;Zero Dark Thirty (2012)
tt1798684;Southpaw (2015)
tt1798709;Her (2013)
tt1800241;American Hustle (2013)
tt1815862;After Earth (2013)
tt1823672;Chappie (2015)
tt1825683;Black Panther (2018)
tt1843866;Captain America: The Winter Soldier (2014)
tt1853728;Django Unchained (2012)
tt1855199;End of Watch (2012)
tt1856101;Blade Runner 2049 (2017)
tt1872181;The Amazing Spider-Man 2 (2014)
tt1877832;X-Men: Days of Future Past (2014)
tt1895587;Spotlight (2015)
tt1905041;Fast & Furious 6 (2013)
tt1907668;Flight (2012)
tt1931533;Seven Psychopaths (2012)
tt1951264;The Hunger Games: Catching Fire (2013)
tt1951265;The Hunger Games: Mockingjay - Part 1 (2014)
tt1951266;The Hunger Games: Mockingjay - Part 2 (2015)
tt1959490;Noah (2014)
tt1979320;Rush (2013)
tt1980209;Pain & Gain (2013)
tt1981115;Thor: The Dark World (2013)
tt1981677;Pitch Perfect (2012)
tt2015381;Guardians of the Galaxy (2014)
tt2024469;Non-Stop (2014)
tt2024544;12 Years a Slave (2013)
tt2084970;The Imitation Game (2014)
tt2096673;Inside Out (2015)
tt2103281;Dawn of the Planet of the Apes (2014)
tt2109248;Transformers: Age of Extinction (2014)
tt2119532;Hacksaw Ridge (2016)
tt2126355;San Andreas (2015)
tt2140479;The Accountant (2016)
tt2179136;American Sniper (2014)
tt2209764;Transcendence (2014)
tt2234155;The Internship (2013)
tt2250912;Spider-Man: Homecoming (2017)
tt2267998;Gone Girl (2014)
tt2277860;Finding Dory (2016)
tt2278388;The Grand Budapest Hotel (2014)
tt2283362;Jumanji: Welcome to the Jungle (2017)
tt2294449;22 Jump Street (2014)
tt2294629;Frozen (2013)
tt2302755;Olympus Has Fallen (2013)
tt2310332;The Hobbit: The Battle of the Five Armies (2014)
tt2334873;Blue Jasmine (2013)
tt2334879;White House Down (2013)
tt2361509;The Intern (2015)
tt2379713;Spectre (2015)
tt2380307;Coco (2017)
tt2381249;Mission: Impossible - Rogue Nation (2015)
tt2395427;Avengers: Age of Ultron (2015)
tt2404435;The Magnificent Seven (2016)
tt2488496;Star Wars: Episode VII - The Force Awakens (2015)
tt2527336;Star Wars: Episode VIII - The Last Jedi (2017)
tt2527338;Star Wars: Episode IX - The Rise of Skywalker (2019)
tt2543164;Arrival (2016)
tt2562232;Birdman or (The Unexpected Virtue of Ignorance) (2014)
tt2582782;Hell or High Water (2016)
tt2660888;Star Trek Beyond (2016)
tt2704998;Game Night (2018)
tt2713180;Fury (2014)
tt2771200;Beauty and the Beast (2017)
tt2788710;The Interview (2014)
tt2798920;Annihilation (2018)
tt2802144;Kingsman: The Secret Service (2014)
tt2820852;Furious 7 (2015)
tt2872718;Nightcrawler (2014)
tt2872732;Lucy (2014)
tt2911666;John Wick (2014)
tt2948356;Zootopia (2016)
tt2975590;Batman v Superman: Dawn of Justice (2016)
tt2980516;The Theory of Everything (2014)
tt3040964;The Jungle Book (2016)
tt3079380;Spy (2015)
tt3110958;Now You See Me 2 (2016)
tt3183660;Fantastic Beasts and Where to Find Them (2016)
tt3263904;Sully (2016)
tt3315342;Logan (2017)
tt3385516;X-Men: Apocalypse (2016)
tt3397884;Sicario (2015)
tt3460252;The Hateful Eight (2015)
tt3464902;The Lobster (2015)
tt3498820;Captain America: Civil War (2016)
tt3501632;Thor: Ragnarok (2017)
tt3606756;Incredibles 2 (2018)
tt3659388;The Martian (2015)
tt3682448;Bridge of Spies (2015)
tt3731562;Kong: Skull Island (2017)
tt3748528;Rogue One: A Star Wars Story (2016)
tt3778644;Solo: A Star Wars Story (2018)
tt3783958;La La Land (2016)
tt3799694;The Nice Guys (2016)
tt3890160;Baby Driver (2017)
tt3896198;Guardians of the Galaxy Vol. 2 (2017)
tt4123430;Fantastic Beasts: The Crimes of Grindelwald (2018)
tt4154664;Captain Marvel (2019)
tt4154756;Avengers: Infinity War (2018)
tt4154796;Avengers: Endgame (2019)
tt4425200;John Wick: Chapter 2 (2017)
tt4630562;The Fate of the Furious (2017)
tt4633694;Spider-Man: Into the Spider-Verse (2018)
tt4846340;Hidden Figures (2016)
tt4881806;Jurassic World: Fallen Kingdom (2018)
tt4912910;Mission: Impossible - Fallout (2018)
tt4925292;Lady Bird (2017)
tt4972582;Split (2016)
tt4975722;Moonlight (2016)
tt5013056;Dunkirk (2017)
tt5027774;Three Billboards Outside Ebbing, Missouri (2017)
tt5052448;Get Out (2017)
tt5095030;Ant-Man and the Wasp (2018)
tt5442430;Life (2017)
tt6105098;The Lion King (2019)
tt6146586;John Wick: Chapter 3 - Parabellum (2019)
tt6644200;A Quiet Place (2018)
tt6966692;Green Book (2018)
tt7349662;BlacKkKlansman (2018)
tt8946378;Knives Out (2019)
tt0029583;Snow White and the Seven Dwarfs (1937)
tt0032910;Pinocchio (1940)
tt0041959;The Third Man (1949)
tt0044079;Strangers on a Train (1951)
tt0044706;High Noon (1952)
tt0053604;The Apartment (1960)
tt0054698;Breakfast at Tiffany's (1961)
tt0055614;West Side Story (1961)
tt0055928;Dr. No (1962)
tt0056869;The Birds (1963)
tt0057076;From Russia with Love (1963)
tt0058150;Goldfinger (1964)
tt0058331;Mary Poppins (1964)
tt0059800;Thunderball (1965)
tt0062512;You Only Live Twice (1967)
tt0063442;Planet of the Apes (1968)
tt0064276;Easy Rider (1969)
tt0066995;Diamonds Are Forever (1971)
tt0070328;Live and Let Die (1973)
tt0070379;Mean Streets (1973)
tt0071807;The Man with the Golden Gun (1974)
tt0075860;Close Encounters of the Third Kind (1977)
tt0076752;The Spy Who Loved Me (1977)
tt0077975;National Lampoon's Animal House (1978)
tt0078346;Superman (1978)
tt0079116;Escape from Alcatraz (1979)
tt0080455;The Blues Brothers (1980)
tt0080487;Caddyshack (1980)
tt0081573;Superman II (1980)
tt0082340;Escape from New York (1981)
tt0082694;Mad Max 2: The Road Warrior (1981)
tt0084726;Star Trek II: The Wrath of Khan (1982)
tt0084805;Tootsie (1982)
tt0085334;A Christmas Story (1983)
tt0085959;The Meaning of Life (1983)
tt0086034;Octopussy (1983)
tt0086465;Trading Places (1983)
tt0086960;Beverly Hills Cop (1984)
tt0087538;The Karate Kid (1984)
tt0087544;Nausicaä of the Valley of the Wind (1984)
tt0087928;Police Academy (1984)
tt0088258;This Is Spinal Tap (1984)
tt0088323;The NeverEnding Story (1984)
tt0089530;Mad Max Beyond Thunderdome (1985)
tt0089881;Ran (1985)
tt0090728;Big Trouble in Little China (1986)
tt0091064;The Fly (1986)
tt0091203;Highlander (1986)
tt0091369;Labyrinth (1986)
tt0091605;The Name of the Rose (1986)
tt0092067;Castle in the Sky (1986)
tt0092644;Beverly Hills Cop II (1987)
tt0093748;Planes, Trains & Automobiles (1987)
tt0094012;Spaceballs (1987)
tt0094291;Wall Street (1987)
tt0094898;Coming to America (1988)
tt0095159;A Fish Called Wanda (1988)
tt0095705;The Naked Gun (1988)
tt0096320;Twins (1988)
tt0096438;Who Framed Roger Rabbit (1988)
tt0096754;The Abyss (1989)
tt0096969;Born on the Fourth of July (1989)
tt0097428;Ghostbusters II (1989)
tt0097523;Honey, I Shrunk the Kids (1989)
tt0097733;Lethal Weapon 2 (1989)
tt0097958;National Lampoon's Christmas Vacation (1989)
tt0098439;Tango & Cash (1989)
tt0099810;The Hunt for Red October (1990)
tt0099938;Kindergarten Cop (1990)
tt0100157;Misery (1990)
tt0101272;The Addams Family (1991)
tt0101410;Barton Fink (1991)
tt0102059;Hot Shots! (1991)
tt0102138;JFK (1991)
tt0102510;The Naked Gun 2½: The Smell of Fear (1991)
tt0102685;Point Break (1991)
tt0102798;Robin Hood: Prince of Thieves (1991)
tt0103074;Thelma & Louise (1991)
tt0103772;Basic Instinct (1992)
tt0103855;The Bodyguard (1992)
tt0104070;Death Becomes Her (1992)
tt0104714;Lethal Weapon 3 (1992)
tt0105112;Patriot Games (1992)
tt0105793;Wayne's World (1992)
tt0106582;Cliffhanger (1993)
tt0106697;Demolition Man (1993)
tt0106856;Falling Down (1993)
tt0106918;The Firm (1993)
tt0107362;Last Action Hero (1993)
tt0107977;Robin Hood: Men in Tights (1993)
tt0108160;Sleepless in Seattle (1993)
tt0109707;Ed Wood (1994)
tt0109831;Four Weddings and a Funeral (1994)
tt0110478;Maverick (1994)
tt0110622;Naked Gun 33 1/3: The Final Insult (1994)
tt0111282;Stargate (1994)
tt0112431;Babe (1995)
tt0112697;Clueless (1995)
tt0112851;Desperado (1995)
tt0113492;Judge Dredd (1995)
tt0114069;Outbreak (1995)
tt0114898;Waterworld (1995)
tt0115798;The Cable Guy (1996)
tt0116213;Eraser (1996)
tt0117381;Primal Fear (1996)
tt0117438;Ransom (1996)
tt0117705;Space Jam (1996)
tt0117731;Star Trek: First Contact (1996)
tt0117913;A Time to Kill (1996)
tt0117998;Twister (1996)
tt0118571;Air Force One (1997)
tt0118842;Chasing Amy (1997)
tt0118883;Conspiracy Theory (1997)
tt0119081;Event Horizon (1997)
tt0119345;I Know What You Did Last Summer (1997)
tt0119395;The Jackal (1997)
tt0119738;My Best Friend's Wedding (1997)
tt0120082;Scream 2 (1997)
tt0120184;Sphere (1998)
tt0120188;Three Kings (1999)
tt0120347;Tomorrow Never Dies (1997)
tt0120484;The Waterboy (1998)
tt0120587;Antz (1998)
tt0120647;Deep Impact (1998)
tt0120681;From Hell (2001)
tt0120685;Godzilla (1998)
tt0120744;The Man in the Iron Mask (1998)
tt0120746;The Mask of Zorro (1998)
tt0120768;The Negotiator (1998)
tt0120783;The Parent Trap (1998)
tt0120789;Pleasantville (1998)
tt0120863;The Thin Red Line (1998)
tt0120873;U.S. Marshals (1998)
tt0120888;The Wedding Singer (1998)
tt0120889;What Dreams May Come (1998)
tt0120890;Wild Things (1998)
tt0120891;Wild Wild West (1999)
tt0122151;Lethal Weapon 4 (1998)
tt0122690;Ronin (1998)
tt0122933;Analyze This (1999)
tt0128445;Rushmore (1998)
tt0129167;The Iron Giant (1999)
tt0133240;Treasure Planet (2002)
tt0133751;The Faculty (1998)
tt0134084;Scream 3 (2000)
tt0134119;The Talented Mr. Ripley (1999)
tt0137494;Entrapment (1999)
tt0138704;Pi (1998)
tt0139134;Cruel Intentions (1999)
tt0142688;The Ninth Gate (1999)
tt0146882;High Fidelity (2000)
tt0149261;Deep Blue Sea (1999)
tt0159097;The Virgin Suicides (1999)
tt0159365;Cold Mountain (2003)
tt0160127;Charlie's Angels (2000)
tt0161081;What Lies Beneath (2000)
tt0164052;Hollow Man (2000)
tt0164912;Stuart Little (1999)
tt0177789;Galaxy Quest (1999)
tt0177971;The Perfect Storm (2000)
tt0183790;A Knight's Tale (2001)
tt0184894;Shanghai Noon (2000)
tt0190138;The Whole Nine Yards (2000)
tt0195685;Erin Brockovich (2000)
tt0200550;Coyote Ugly (2000)
tt0203019;Men of Honor (2000)
tt0215129;Road Trip (2000)
tt0216216;The 6th Day (2000)
tt0227445;The Score (2001)
tt0230030;Bedazzled (2000)
tt0236493;The Mexican (2001)
tt0240890;Serendipity (2001)
tt0242423;Dude, Where's My Car? (2000)
tt0247745;Super Troopers (2001)
tt0250494;Legally Blonde (2001)
tt0250687;Rat Race (2001)
tt0251075;Evolution (2001)
tt0253556;Reign of Fire (2002)
tt0256380;Shallow Hal (2001)
tt0256415;Sweet Home Alabama (2002)
tt0257076;S.W.A.T. (2003)
tt0257106;Scary Movie 2 (2001)
tt0257360;About Schmidt (2002)
tt0261392;Jay and Silent Bob Strike Back (2001)
tt0266987;Spy Game (2001)
tt0268126;Adaptation. (2002)
tt0272338;Punch-Drunk Love (2002)
tt0274166;Johnny English (2003)
tt0277371;Not Another Teen Movie (2001)
tt0277434;We Were Soldiers (2002)
tt0280590;Mr. Deeds (2002)
tt0283111;National Lampoon's Van Wilder (2002)
tt0285823;Once Upon a Time in Mexico (2003)
tt0286499;Bend It Like Beckham (2002)
tt0289992;The Life of David Gale (2003)
tt0295701;xXx (2002)
tt0301357;Good Bye Lenin! (2003)
tt0306047;Scary Movie 3 (2003)
tt0307987;Bad Santa (2003)
tt0311429;The League of Extraordinary Gentlemen (2003)
tt0325805;Matchstick Men (2003)
tt0327084;Over the Hedge (2006)
tt0335245;The Ladykillers (2004)
tt0335438;Starsky & Hutch (2004)
tt0338337;Paycheck (2003)
tt0340163;Hostage (2005)
tt0342258;Unleashed (2005)
tt0343135;Along Came Polly (2004)
tt0343737;The Good Shepherd (2006)
tt0349683;King Arthur (2004)
tt0350258;Ray (2004)
tt0355295;The Brothers Grimm (2005)
tt0358082;Robots (2005)
tt0362270;The Life Aquatic with Steve Zissou (2004)
tt0363988;Secret Window (2004)
tt0365737;Syriana (2005)
tt0366548;Happy Feet (2006)
tt0369441;Fun with Dick and Jane (2005)
tt0372588;Team America: World Police (2004)
tt0373074;Kung Fu Hustle (2004)
tt0373926;The Interpreter (2005)
tt0375063;Sideways (2004)
tt0380510;The Lovely Bones (2009)
tt0385752;The Golden Compass (2007)
tt0387131;The Constant Gardener (2005)
tt0387808;Idiocracy (2006)
tt0389790;Bee Movie (2007)
tt0390521;Super Size Me (2004)
tt0393109;Brick (2005)
tt0408790;Flightplan (2005)
tt0412019;Broken Flowers (2005)
tt0415306;Talladega Nights: The Ballad of Ricky Bobby (2006)
tt0418689;Flags of Our Fathers (2006)
tt0418763;Jarhead (2005)
tt0421239;Red Eye (2005)
tt0424136;Hard Candy (2005)
tt0430105;Four Brothers (2005)
tt0435705;Next (2007)
tt0445922;Across the Universe (2007)
tt0445934;Blades of Glory (2007)
tt0450232;16 Blocks (2006)
tt0452637;Lady in the Water (2006)
tt0452702;Vacancy (2007)
tt0458481;Sin City: A Dame to Kill For (2014)
tt0465538;Michael Clayton (2007)
tt0465580;Push (2009)
tt0465602;Shoot 'Em Up (2007)
tt0468492;The Host (2006)
tt0471042;Tower Heist (2011)
tt0472062;Charlie Wilson's War (2007)
tt0473705;State of Play (2009)
tt0475290;Hail, Caesar! (2016)
tt0477302;Extremely Loud & Incredibly Close (2011)
tt0480242;Dan in Real Life (2007)
tt0486946;Wild Hogs (2007)
tt0490215;Silence (2016)
tt0780571;Mr. Brooks (2007)
tt0790686;Mirrors (2008)
tt0790736;R.I.P.D. (2013)
tt0795368;Death at a Funeral (2007)
tt0804497;It's Kind of a Funny Story (2010)
tt0805564;Lars and the Real Girl (2007)
tt0814255;Percy Jackson & the Olympians: The Lightning Thief (2010)
tt0838221;The Darjeeling Limited (2007)
tt0892782;Monsters vs. Aliens (2009)
tt0918927;Doubt (2008)
tt0918940;The Legend of Tarzan (2016)
tt0938283;The Last Airbender (2010)
tt0947810;Green Zone (2010)
tt0990407;The Green Hornet (2011)
tt1013743;Knight and Day (2010)
tt1013753;Milk (2008)
tt1027718;Wall Street: Money Never Sleeps (2010)
tt1054606;The Imaginarium of Doctor Parnassus (2009)
tt1058017;The Invention of Lying (2009)
tt1059786;Eagle Eye (2008)
tt1109624;Paddington (2014)
tt1114740;Paul Blart: Mall Cop (2009)
tt1142977;Frankenweenie (2012)
tt1205537;Jack Ryan: Shadow Recruit (2014)
tt1206543;Out of the Furnace (2013)
tt1216475;Cars 2 (2011)
tt1228987;Let Me In (2010)
tt1229340;Anchorman 2: The Legend Continues (2013)
tt1234548;The Men Who Stare at Goats (2009)
tt1267297;Hercules (2014)
tt1279935;Date Night (2010)
tt1307068;Seeking a Friend for the End of the World (2012)
tt1355683;Black Mass (2015)
tt1386932;Ip Man 2 (2010)
tt1389072;Downsizing (2017)
tt1446192;Rise of the Guardians (2012)
tt1469304;Baywatch (2017)
tt1488555;The Change-Up (2011)
tt1488606;Triple Frontier (2019)
tt1489889;Central Intelligence (2016)
tt1527186;Melancholia (2011)
tt1547234;Premium Rush (2012)
tt1560747;The Master (2012)
tt1568911;War Horse (2011)
tt1590193;The Commuter (2018)
tt1592525;Lockout (2012)
tt1611224;Abraham Lincoln: Vampire Hunter (2012)
tt1616195;J. Edgar (2011)
tt1617661;Jupiter Ascending (2015)
tt1628841;Independence Day: Resurgence (2016)
tt1648190;The Dark Tower (2017)
tt1700841;Sausage Party (2016)
tt1714206;The Spectacular Now (2013)
tt1821694;RED 2 (2013)
tt1854564;Percy Jackson: Sea of Monsters (2013)
tt1935859;Miss Peregrine's Home for Peculiar Children (2016)
tt1964418;Tomorrowland (2015)
tt1979388;The Good Dinosaur (2015)
tt2024432;Identity Thief (2013)
tt2034800;The Great Wall (2016)
tt2042568;Inside Llewyn Davis (2013)
tt2080374;Steve Jobs (2015)
tt2140373;Saving Mr. Banks (2013)
tt2170439;Horrible Bosses 2 (2014)
tt2177771;The Monuments Men (2014)
tt2231461;Rampage (2018)
tt2239822;Valerian and the City of a Thousand Planets (2017)
tt2241351;Money Monster (2016)
tt2283336;Men in Black: International (2019)
tt2333784;The Expendables 3 (2014)
tt2345759;The Mummy (2017)
tt2381111;Brooklyn (2015)
tt2381991;The Huntsman: Winter's War (2016)
tt2404311;The Family (2013)
tt2404463;The Heat (2013)
tt2446042;Taken 3 (2014)
tt2557478;Pacific Rim: Uprising (2018)
tt2709768;The Secret Life of Pets (2016)
tt2854926;Tag (2018)
tt2935510;Ad Astra (2019)
tt3062096;Inferno (2016)
tt3300542;London Has Fallen (2016)
tt3371366;Transformers: The Last Knight (2017)
tt3393786;Jack Reacher: Never Go Back (2016)
tt3469046;Despicable Me 3 (2017)
tt3470600;Sing (2016)
tt3531824;Nerve (2016)
tt3532216;American Made (2017)
tt3569230;Legend (2015)
tt3717490;Power Rangers (2017)
tt3766354;The Equalizer 2 (2018)
tt3874544;The Boss Baby (2017)
tt3967856;Okja (2017)
tt4052882;The Shallows (2016)
tt4116284;The Lego Batman Movie (2017)
tt4276820;The Founder (2016)
tt4302938;Kubo and the Two Strings (2016)
tt4701182;Bumblebee (2018)
tt5164214;Ocean's 8 (2018)
tt5439796;Logan Lucky (2017)
tt5462602;The Big Sick (2017)
tt5519340;Bright (2017)
tt5758778;Skyscraper (2018)
tt5848272;Ralph Breaks the Internet (2018)
tt6155172;Roma (2018)
tt6266538;Vice (2018)
tt6412452;The Ballad of Buster Scruggs (2018)
tt6806448;Fast & Furious Presents: Hobbs & Shaw (2019)
tt7040874;A Simple Favor (2018)
tt8106534;6 Underground (2019)
tt8404614;The Two Popes (2019)
